-- phpMyAdmin SQL Dump
-- version 5.2.0
-- https://www.phpmyadmin.net/
--
-- Хост: localhost:8889
-- Время создания: Дек 13 2023 г., 10:17
-- Версия сервера: 5.7.39
-- Версия PHP: 8.2.0

SET SQL_MODE = "NO_AUTO_VALUE_ON_ZERO";
START TRANSACTION;
SET time_zone = "+00:00";


/*!40101 SET @OLD_CHARACTER_SET_CLIENT=@@CHARACTER_SET_CLIENT */;
/*!40101 SET @OLD_CHARACTER_SET_RESULTS=@@CHARACTER_SET_RESULTS */;
/*!40101 SET @OLD_COLLATION_CONNECTION=@@COLLATION_CONNECTION */;
/*!40101 SET NAMES utf8mb4 */;

--
-- База данных: `book_shop`
--

-- --------------------------------------------------------

--
-- Структура таблицы `auth_assignment`
--

CREATE TABLE `auth_assignment` (
  `item_name` varchar(64) COLLATE utf8_unicode_ci NOT NULL COMMENT 'Роль',
  `user_id` int(11) NOT NULL COMMENT 'Користувач',
  `created_at` int(11) DEFAULT NULL COMMENT 'Створено'
) ENGINE=InnoDB DEFAULT CHARSET=utf8 COLLATE=utf8_unicode_ci;

--
-- Дамп данных таблицы `auth_assignment`
--

INSERT INTO `auth_assignment` (`item_name`, `user_id`, `created_at`) VALUES
('admin', 1, 1677679500),
('client', 3, 1702462206),
('manager', 2, 1677679500);

-- --------------------------------------------------------

--
-- Структура таблицы `auth_item`
--

CREATE TABLE `auth_item` (
  `name` varchar(64) COLLATE utf8_unicode_ci NOT NULL COMMENT 'Назва',
  `type` smallint(6) NOT NULL COMMENT 'Тип',
  `description` text COLLATE utf8_unicode_ci COMMENT 'Опис',
  `rule_name` varchar(64) COLLATE utf8_unicode_ci DEFAULT NULL COMMENT 'Назва правила',
  `data` blob COMMENT 'Дані',
  `created_at` int(11) DEFAULT NULL COMMENT 'Створено',
  `updated_at` int(11) DEFAULT NULL COMMENT 'Відредаговано'
) ENGINE=InnoDB DEFAULT CHARSET=utf8 COLLATE=utf8_unicode_ci;

--
-- Дамп данных таблицы `auth_item`
--

INSERT INTO `auth_item` (`name`, `type`, `description`, `rule_name`, `data`, `created_at`, `updated_at`) VALUES
('admin', 1, 'Адмін', NULL, NULL, 1677679500, 1677679500),
('client', 1, 'Клієнт', NULL, NULL, 1677679500, 1677679500),
('manager', 1, 'Менеджер', NULL, NULL, 1677679500, 1677679500);

-- --------------------------------------------------------

--
-- Структура таблицы `auth_item_child`
--

CREATE TABLE `auth_item_child` (
  `parent` varchar(64) COLLATE utf8_unicode_ci NOT NULL COMMENT 'Батьківська роль',
  `child` varchar(64) COLLATE utf8_unicode_ci NOT NULL COMMENT 'Дочірня роль'
) ENGINE=InnoDB DEFAULT CHARSET=utf8 COLLATE=utf8_unicode_ci;

--
-- Дамп данных таблицы `auth_item_child`
--

INSERT INTO `auth_item_child` (`parent`, `child`) VALUES
('manager', 'client'),
('admin', 'manager');

-- --------------------------------------------------------

--
-- Структура таблицы `auth_rule`
--

CREATE TABLE `auth_rule` (
  `name` varchar(64) COLLATE utf8_unicode_ci NOT NULL COMMENT 'Назва',
  `data` blob COMMENT 'Дані',
  `created_at` int(11) DEFAULT NULL COMMENT 'Створено',
  `updated_at` int(11) DEFAULT NULL COMMENT 'Відредаговано'
) ENGINE=InnoDB DEFAULT CHARSET=utf8 COLLATE=utf8_unicode_ci;

-- --------------------------------------------------------

--
-- Структура таблицы `cart`
--

CREATE TABLE `cart` (
  `id` int(11) NOT NULL COMMENT 'ID',
  `user_id` int(11) DEFAULT NULL COMMENT 'Користувач',
  `user_key` varchar(50) COLLATE utf8_unicode_ci NOT NULL COMMENT 'Ключ користувача',
  `good_id` int(11) NOT NULL COMMENT 'Товар',
  `count` int(11) NOT NULL COMMENT 'Кількість',
  `created_at` int(11) NOT NULL COMMENT 'Створено',
  `updated_at` int(11) NOT NULL COMMENT 'Відредаговано'
) ENGINE=InnoDB DEFAULT CHARSET=utf8 COLLATE=utf8_unicode_ci;

-- --------------------------------------------------------

--
-- Структура таблицы `category`
--

CREATE TABLE `category` (
  `id` int(11) NOT NULL COMMENT 'ID',
  `title` varchar(50) COLLATE utf8_unicode_ci NOT NULL COMMENT 'Назва',
  `url_key` varchar(25) COLLATE utf8_unicode_ci NOT NULL COMMENT 'Ключ',
  `image` varchar(50) COLLATE utf8_unicode_ci NOT NULL COMMENT 'Зображення',
  `created_at` int(11) NOT NULL COMMENT 'Створено',
  `updated_at` int(11) NOT NULL COMMENT 'Відредаговано'
) ENGINE=InnoDB DEFAULT CHARSET=utf8 COLLATE=utf8_unicode_ci;

--
-- Дамп данных таблицы `category`
--

INSERT INTO `category` (`id`, `title`, `url_key`, `image`, `created_at`, `updated_at`) VALUES
(1, 'Художня література', 'khudozhnia-literatura', '295b7bd83e55dc7ae6a113082973c954.png', 1702393664, 1702393664),
(2, 'Наукова література', 'naukova-literatura', 'c8094ca7f46984d1f17e939a4ed3f3c6.png', 1702393795, 1702395028),
(3, 'Дитяча література', 'dytiacha-literatura', '0de66f1603ae240d6c0818b690b823aa.png', 1702394009, 1702394009),
(4, 'Фантастика та фентезі', 'fantastyka-ta-fentezi', 'a74c345112b93d3e97e458964883851e.png', 1702394247, 1702394247),
(5, 'Поезія', 'poeziia', '71a1f84bda48f984b63578f3e1baba6f.png', 1702394389, 1702394587),
(6, 'Cаморозвиток та психологія', 'zhyttievyi-dosvid-ta-samo', '2325ae33b840fed1e3677cef0712db53.png', 1702394858, 1702396823),
(7, 'Історія та біографії', 'istoriia-ta-biohrafii', 'a80a5f344d6af857fe8bbb990e3c2926.png', 1702394896, 1702394896);

-- --------------------------------------------------------

--
-- Структура таблицы `contact`
--

CREATE TABLE `contact` (
  `id` int(11) NOT NULL COMMENT 'ID',
  `type` enum('Адреса','Електронна адреса','Телефон','Час роботи','Instagram','Telegram','Viber') COLLATE utf8_unicode_ci NOT NULL COMMENT 'Тип',
  `value` varchar(100) COLLATE utf8_unicode_ci NOT NULL COMMENT 'Значення',
  `created_at` int(11) NOT NULL COMMENT 'Створено',
  `updated_at` int(11) NOT NULL COMMENT 'Відредаговано'
) ENGINE=InnoDB DEFAULT CHARSET=utf8 COLLATE=utf8_unicode_ci;

--
-- Дамп данных таблицы `contact`
--

INSERT INTO `contact` (`id`, `type`, `value`, `created_at`, `updated_at`) VALUES
(1, 'Адреса', 'вул. Євгена Сверстюка, 24, м. Київ, 02002', 1684415833, 1702391622),
(2, 'Електронна адреса', 'support@book.shop', 1684415860, 1702391636),
(3, 'Телефон', '+38 (044) 333 8808', 1684415915, 1702391663),
(4, 'Instagram', 'https://www.instagram.com/book_shop/', 1684415950, 1702391707),
(5, 'Час роботи', '09:00-19:00', 1684505395, 1702391687),
(6, 'Viber', '380443338808', 1684510533, 1702391733),
(7, 'Telegram', 'https://t.me/book_shop', 1684510846, 1702391717);

-- --------------------------------------------------------

--
-- Структура таблицы `content`
--

CREATE TABLE `content` (
  `id` int(11) NOT NULL COMMENT 'ID',
  `title` varchar(500) COLLATE utf8_unicode_ci NOT NULL COMMENT 'Назва',
  `keywords` varchar(500) COLLATE utf8_unicode_ci DEFAULT NULL COMMENT 'META keywords',
  `description` varchar(500) COLLATE utf8_unicode_ci DEFAULT NULL COMMENT 'META description',
  `content` text COLLATE utf8_unicode_ci COMMENT 'Контент',
  `url` varchar(50) COLLATE utf8_unicode_ci NOT NULL COMMENT 'URL',
  `updated_at` int(11) NOT NULL COMMENT 'Відредаговано'
) ENGINE=InnoDB DEFAULT CHARSET=utf8 COLLATE=utf8_unicode_ci;

--
-- Дамп данных таблицы `content`
--

INSERT INTO `content` (`id`, `title`, `keywords`, `description`, `content`, `url`, `updated_at`) VALUES
(1, 'Головна сторінка інтернет-магазину \"Книжкова вежа\". Інтернет-магазин книг для всіх', 'Книжкова вежа, книги, інтернет-магазин книг', 'Завітайте до Книжкової вежі - вашого надійного провідника у світі книг. Дозвольте нам допомогти вам знайти те, що розширить ваші горизонти, захопить, збагатить і зробить ваші часи більш цікавими та захоплюючими.', '', '/site/index', 1702396516),
(2, 'Доставка та оплата', 'Книжкова вежа, доставка, оплата, оформити замовлення', 'Оплата будь-яким зручним способом та доставка по всій Україні. Оформлюйте замовлення онлайн або у нашому офлайн-магазині.', '<h1>Доставка і оплата</h1>\r\n\r\n<h3>Ви можете скористатись наступними способами доставки товару:</h3>\r\n\r\n<ul>\r\n	<li>самовивіз з магазину;</li>\r\n	<li>відправка транспортною компанією на склад ТК або за вашою адресою: Нова Пошта, Укрпошта (за тарифами перевізника).</li>\r\n</ul>\r\n\r\n<p>Замовлення відправляємо протягом 1-3 днів.</p>\r\n\r\n<h3>Оплатити замовлення можна наступними способами:</h3>\r\n\r\n<ul>\r\n	<li>оплата готівкою в магазині;</li>\r\n	<li>переказ коштів на карту/рахунок українського банку. При виборі цього способу оплати менеджер особисто надасть актуальні реквізити;</li>\r\n	<li>післяплата (оплата при отриманні &laquo;Нова Пошта&raquo;) + 2% до загальної суми за сервіс Нової Пошти. Оплата цим способом можлива, при предоплаті в розмірі 140 грн.</li>\r\n</ul>\r\n\r\n<h3>Оформлення замовлення</h3>\r\n\r\n<p>Після замовлення на сайті з Вами зв&rsquo;яжеться наш менеджер та узгодить всі деталі. Після цього замовлення буде доставлено в оговорені сроки (як правило 1-2 дні). Ви будете мати змогу відстежити замовлення по номеру товарно-транспортної накладної, який буде відправлено на вказаний при оформленні замовлення номер телефону.</p>\r\n', '/delivery-payment/index', 1702396537),
(3, 'Про нас', 'Книжкова вежа, книги, інтернет-магазин книг', '\"Книжкова вежа\" - це місце, де слово стає живим, а сторінки книг розкривають світ нових уявлень, знань та емоцій. Ми - не просто інтернет-магазин, а спільнота тих, хто доторкнувся до чарівної сили книги і хоче поділитися цим досвідом з усіма.', '<h1>Про нас</h1>\r\n\r\n<p>Книжкова Вежа - це місце, де слово стає живим, а сторінки книг розкривають світ нових уявлень, знань та емоцій. Ми - не просто інтернет-магазин, а спільнота тих, хто доторкнувся до чарівної сили книги і хоче поділитися цим досвідом з усіма.</p>\r\n\r\n<p>Наша мета - робити книги доступними для кожного, незалежно від смаків та уподобань. У нас ви знайдете широкий вибір видань: від класичних шедеврів до новітніх бестселерів, від наукової літератури до художніх творів мистецтва. Ми віримо, що кожна книга має свою аудиторію, і саме тому відділяємо час на відбір та ретельне вивчення кожного видання перед тим, як додати його до нашого асортименту.</p>\r\n\r\n<p>У Книжковій Вежі ви знайдете не лише книги, а й затишне середовище для поглиблення в світ слова. Наш сайт зручний у використанні, завдяки чому ви легко зможете знайти те, що вас цікавить. Ми робимо все можливе, щоб процес покупки був максимально приємним та зручним для вас.</p>\r\n\r\n<p>У Книжковій Вежі ми не просто продаємо книги - ми будуємо спільноту книголюбів. У нас є блог, форуми та можливість обговорювати улюблені твори, ділитися враженнями та рекомендаціями з іншими членами спільноти. Ми віримо в силу спільного досвіду та обміну ідеями, тому що книга - це не лише слова на папері, але й спосіб з&#39;єднати людей.</p>\r\n\r\n<p>Книжкова Вежа - це ваш провідник у світі книг, де кожен може знайти те, що розширить його горизонти, збагатить душу та надихне на нові досягнення. Ми віримо у силу книги та готові допомогти вам знайти ту, яка змінить ваш світ.</p>\r\n\r\n<p>Приєднуйтеся до Книжкової Вежі - місця, де кожен може знайти свою книжку, свій відгук та свою спільноту. Дозвольте нам допомогти вам зануритися у чарівний світ літератури та зробити ваші часи більш насиченими та захопливими завдяки книжковим пригодам.</p>\r\n\r\n<p>У магазині &quot;Книжкова Вежа&quot; ми намагаємося охопити широкий спектр жанрів, щоб задовольнити різноманітні літературні смаки наших клієнтів. Ось лише деякі з них:</p>\r\n\r\n<ul>\r\n	<li>художня література: включає класику та сучасні романи, повісті, оповідання, від літератури різних країн та епох до сучасних бестселерів;</li>\r\n	<li>наукова література: видання з різних галузей науки, включаючи фізику, біологію, психологію, економіку та інші наукові дисципліни;</li>\r\n	<li>дитяча література:&nbsp;книги для різних вікових категорій, від ілюстрованих казок для малюків до пригодницьких романів для підлітків;</li>\r\n	<li>фантастика та фентезі: цікаві світи, надзвичайні пригоди, науково-фантастичні твори та фентезійні епопеї;</li>\r\n	<li>поезія:&nbsp;збірки відомих поетів та новітні твори від молодих талановитих авторів;</li>\r\n	<li>життєвий досвід та саморозвиток: книги, спрямовані на розвиток особистості, підвищення ефективності, пізнання себе та навколишнього світу;</li>\r\n	<li>історія та біографії: історичні романи, біографії великих особистостей, культурні та соціальні студії.</li>\r\n</ul>\r\n\r\n<p>Це лише декілька категорій, які ми пропонуємо. Ми прагнемо поповнювати наш асортимент, щоб кожен знайшов у нас щось цікаве для себе.</p>\r\n', '/about/index', 1702396579),
(4, 'Контакти', 'Книжкова вежа, контакти, інтернет-магазин книг, e-mail, телефон', 'Контактні данні інтернет-магазину «Книжкова вежа». Тел.: +38 (044) 333 8808. Адреса: вул. Євгена Сверстюка, 24, м. Київ, 02002.', '<h1>Контакти</h1>\r\n\r\n<hr />\r\n<h4><strong>&laquo;Книжкова вежа&raquo; - це книжковий онлайн-магазин №1.</strong></h4>\r\n', '/contact/index', 1702396553),
(5, 'Публічна оферета', 'Книжкова вежа, книги, інтернет-магазин книг, публічна оферета', '\"Книжкова вежа\" - інтернет-магазин, доступ до якого здійснюється через web-сайт, що має адресу в мережі Інтернет http://book.store (Сайт), що дозволяє Покупцям здійснювати покупки на умовах, викладених в даній оферті і на окремих сторінках (розділах) Сайту.', '<h1>ПУБЛІЧНА ОФЕРТА (ДІЄ НА ТЕРИТОРІЇ УКРАЇНИ)</h1>\r\n\r\n<h3>Визначення:</h3>\r\n\r\n<p>&quot;Книжкова вежа&quot; - інтернет-магазин, доступ до якого здійснюється через web-сайт, що має адресу в мережі Інтернет https://book.store (Сайт), що дозволяє Покупцям здійснювати покупки на умовах, викладених в даній оферті і на окремих сторінках (розділах) Сайту.</p>\r\n\r\n<p>Адміністратор &ndash; є&nbsp;власником сайту, що встановлює єдині правила розміщення та продажу Товарів в інтернет-магазині &quot;Книжкова вежа&quot;.<br />\r\nПокупець &ndash; фізична особа, яка досягла 18-річного віку і володіє повною дієздатністю, що зареєструвалась з метою придбання Товарів в інтернет-магазині &quot;Книжкова вежа&quot; для особистого некомерційного використання (споживання).</p>\r\n\r\n<p>Продавець &ndash; суб&rsquo;єкт господарювання, який розміщує пропозицію з придбання Товарів в інтернет-магазині &quot;Книжкова вежа&quot;. Найменування Продавця вказується в документах, що підтверджують факт передачі Товару Покупцеві.</p>\r\n\r\n<p>Товар &ndash; матеріальний об&rsquo;єкт, запропонований до придбання Продавцем, з зазначенням ціни, назви, опису, характеристик та інформації щодо його доступності.</p>\r\n\r\n<p>Замовлення &ndash; відповідним чином оформлений і розміщений запит Покупця (заповнені відповідні поля в розділі &laquo;Замовлення&raquo;), на придбання і доставку за вказаною</p>\r\n\r\n<p>Покупцем адресою обраного з переліку Товару, із зазначенням його кількості, прийнятий Продавцем.</p>\r\n\r\n<h3>1. Реєстрація:</h3>\r\n\r\n<p>1.1. Для здійснення покупки в інтернет-магазині &quot;Книжкова вежа&quot; можна&nbsp;пройти реєстрацію: заповнити реєстраційну форму або авторизуватись.</p>\r\n\r\n<p>1.2. Зареєструвавшись, Покупець тим самим гарантує, що зазначені ним дані (П.І.Б., номер мобільного телефону, е-mail та інше) є правдивими, а також погоджується на передачу Адміністратору та Продавцю своїх персональних даних, їх обробку, зберігання і використання, в тому числі третіми особами, які залучаються для виконання умов даної оферти.</p>\r\n\r\n<h3>2. Порядок оформлення Замовлення:</h3>\r\n\r\n<p>2.1. Для оформлення Замовлення Покупець обирає Товар і відправляє заявку Продавцю, натиснувши на кнопку &laquo;Оформити замовлення&raquo;.</p>\r\n\r\n<p>2.2. Оформлюючи і направляючи Замовлення до виконання, Покупець тим самим підтверджує, що:</p>\r\n\r\n<p>2.2.1. він згоден з усіма умовами, викладеними в даній Публічній оферті, і беззастережно їх приймає;</p>\r\n\r\n<p>2.2.2. він ознайомився з інформацією про Товар, наявністю (відсутністю) преференцій, знижок, особливих умов оплати та/або доставки тощо, отримав її в обсязі, достатньому для здійснення покупки;</p>\r\n\r\n<p>2.2.3. всі дії, які ним були здійснені, не суперечитимуть умовам даної Публічної оферти;</p>\r\n\r\n<p>2.2.4. Товар замовляється (придбавається) ним добросовісно, для цілей особистого (некомерційного) використання.</p>\r\n\r\n<p>2.3. Після отримання Замовлення від Покупця, Адміністратор здійснює його обробку і направляє підтвердження на електронну пошту, зазначену Покупцем при реєстрації: номер замовлення, перелік замовлених товарів, ціну, суму замовлення, особливості доставки; на номер мобільного телефону, зазначений Покупцем при реєстрації: номер замовлення і суму замовлення.</p>\r\n\r\n<p>2.4. Замовлення вважається прийнятим до виконання, а договір купівлі-продажу між Покупцем і Продавцем &ndash; укладеним, після отримання Покупцем електронного повідомлення на адресу електронної пошти, вказану при реєстрації, з підтвердженням факту прийняття Замовлення.</p>\r\n\r\n<p>2.5. Продавець до фактичної передачі Товару Покупцю в будь-який момент має право відхилити Замовлення в разі фактичної відсутності Товару на складі, шляхом надсилання електронного повідомлення Покупцю. В такому випадку права і обов&rsquo;язки Сторін, пов&rsquo;язані з продажем, доставкою і передачею замовленого Товару Покупцю і оплатою його Продавцю, передбачені даною Публічною офертою, припиняються, а вартість Товару, оплачена Покупцем, повертається на картку, з якої була проведена оплата.</p>\r\n\r\n<p>2.6. Продавець докладає максимум зусиль для надання інформації про Товар якомога точніше. Однак, з технічних причин не виключені ситуації, при яких інформація може містити неточності або виглядати неповною. Тому Продавець залишає за собою право виправляти помилки, змінювати або оновлювати інформацію про Товар в будь-який час.</p>\r\n\r\n<p>2.7. З огляду на специфіку візуального відображення різних Товарів на екрані монітора (екрані мобільного пристрою), деякі кольори можуть незначним чином відрізнятись від кольорів реальних зразків.</p>\r\n\r\n<p>2.8. Для підтвердження Замовлення з Покупцем може зв&rsquo;язуватись оператор Call-центру, який уточнює деталі Замовлення, дату і час доставки. У разі неотримання (неможливості отримання) підтвердження від Покупця, Продавець має право скасувати таке Замовлення.</p>\r\n\r\n<h3>3. Ціна і умови оплати Товару:</h3>\r\n\r\n<p>3.1. Ціна Товару вказується в українській гривні, визначається з урахуванням податкового статусу Продавця і включає вартість доставки.</p>\r\n\r\n<p>3.2. Продавець має право в односторонньому порядку без попередження змінювати ціни Товарів, що пропонуються до придбання. Зміна ціни не допускається лише щодо оплаченого Покупцем Товару.</p>\r\n\r\n<p>3.3. Покупець може здійснити оплату замовленого Товару:</p>\r\n\r\n<p>3.3.1. оплатити в магазині.</p>\r\n\r\n<p>3.3.2. перерахувати грошові кошти з банківської карти на банківську карту Продавця, при цьому реквізити банківський карти Продавця будуть надані в електронному листі-підтвердженні прийняття Замовлення Продавцем до виконання.</p>\r\n\r\n<p>3.3.3. післяплата (накладений платіж &laquo;Нова Пошта&raquo;) + 2% до загальної суми за сервіс. Оплата цим способом можлива, при предоплаті в розмірі 140 грн</p>\r\n\r\n<p>3.4. Товар, на момент його передачі, повинен бути повністю оплачений Покупцем.</p>\r\n\r\n<h3>4. Порядок передачі Товару:</h3>\r\n\r\n<p>4.1. Доставка здійснюється по всій території України, за винятком тимчасово окупованих територій.</p>\r\n\r\n<p>4.2. Якщо інше не обумовлено при оформленні Замовлення, доставка Товарів Покупцеві здійснюється службою доставки або оператором поштового зв&rsquo;язку (юридичною особою, що має право здійснювати пересилання листів, бандеролей та посилок).</p>\r\n\r\n<p>4.3. При оформленні Замовлення Покупець може самостійно вибрати вид доставки &ndash; кур&rsquo;єрська (вручення за адресою, вказаною Покупцем), отримання у відділенні служби доставки, отримання в одному з магазинів Horton.</p>\r\n\r\n<p>4.4. Вартість доставки Товару та вартість доставки Товару при поверненні оплачує Продавець.</p>\r\n\r\n<p>4.5. Орієнтовний строк доставки Товару від 2 до 8 календарних дні з моменту отримання Продавцем оплати повної вартості Товару.</p>\r\n\r\n<p>4.6. Продавець докладає всіх зусиль для дотримання зазначених ним орієнтовних строків доставки. Затримки доставки можливі внаслідок непередбачених обставин, які перебувають поза контролем Продавця. Продавець, у разі виникнення таких обставин, інформує Покупця і погоджує нові умови доставки по електронній пошті або телефоном.</p>\r\n\r\n<p>4.7. Замовлення вважається виконаним Продавцем в момент фактичної передачі Товару Покупцеві під підпис. Для отримання Товару Покупцю необхідно пред&rsquo;явити документ, що посвідчує особу.</p>\r\n\r\n<p>4.8. Право власності на Товар та пов&rsquo;язані з ним ризики переходять від Продавця Покупцеві в момент передачі Товару. Підтвердженням переходу права власності на Товар є підпис Покупця в накладній (квитанції, реєстрі доставки тощо), наданій Продавцем, службою доставки або кур&rsquo;єром.</p>\r\n\r\n<h3>5. Гарантійні умови:</h3>\r\n\r\n<p>5.1. За належної дотримання вимог щодо належної експлуатації Товару, Продавець гарантує високу якість Товару протягом строку гарантії.</p>\r\n\r\n<p>5.2. Строк гарантії обчислюється з моменту передачі Товару Покупцю, який вказується у відповідному документі, а якщо момент передачі сезонного Товару Покупцеві не збігається з початком сезону для такого Товару &ndash; з початку відповідного сезону.</p>\r\n\r\n<h3>6. Повернення Товару:</h3>\r\n\r\n<p>6.1. У разі, якщо Товар не відповідає очікуванням Покупця, він має право повернути Товар протягом 14 (чотирнадцяти) днів з моменту його отримання при дотриманні умов, передбачених Законом України &laquo;Про захист прав споживачів&raquo;.</p>\r\n\r\n<p>6.2. Не підлягають поверненню Товари належної якості, відповідно до Постанови Кабінету Міністрів України &laquo;Про реалізацію окремих положень Закону України &laquo;Про захист прав споживачів&raquo; від 19.03.1994 р. № 172.</p>\r\n\r\n<p>6.3. Повернення Товару відбувається шляхом відправки його на ім&rsquo;я Продавця. Адресу узгоджується з менеджером.</p>\r\n\r\n<p>6.4. &nbsp;Товар, що повертається, повинен мати товарний вид, повинні бути збережені ярлики, бірки, упаковка, не мати слідів використання тощо.</p>\r\n\r\n<p>6.6. При поверненні (відправленні за допомогою служби доставки) Товару, вартість доставки Товару оплачує Продавець.</p>\r\n\r\n<p>6.7. У разі не виконання Покупцем будь-якої з умов, визначених в цьому розділі, Продавець не зобов&rsquo;язаний приймати Товар і виконувати вимоги Покупця, пов&rsquo;язані з поверненням Товару. У таких випадках Продавець не зобов&rsquo;язаний пересилати отриманий як повернення Товар назад Покупцю і оплачувати його зворотну відправку.</p>\r\n\r\n<p>6.8. Продавець має право не приймати Товар, якщо він відправлений на умовах післяплати за доставку.</p>\r\n\r\n<h3>7. Особливості повернення Товару неналежної якості:</h3>\r\n\r\n<p>7.1. Повернення Товару неналежної якості здійснюється протягом гарантійного строку в порядку та строки, встановлені законодавством і/або зазначені Продавцем при наданні інформації про Товар, а також в супровідних документах на Товар.</p>\r\n\r\n<p>7.2. У разі виявлення протягом гарантійного строку недоліків (істотних недоліків) повернутого Товару, які виникли з вини Виробника Товар, підтверджені, за необхідності, висновком експертизи, Продавець, в порядку і в строки, встановлені законодавством, і з урахуванням обов&rsquo;язкових для Сторін умов даної Публічної оферти, повертає Покупцю сплачену за Товар грошову суму.</p>\r\n\r\n<p>7.3. Вимоги Покупця мають бути пред&rsquo;явлені шляхом направлення письмової заяви за адресою вказаною менеджером</p>\r\n\r\n<p>7.4. Продавець має право відмовитись від приймання Товару, відправленого Покупцем без надання вищевказаних документів, а також не розглядати заяву Покупця до усунення допущених ним недоліків. У разі не усунення Покупцем недоліків протягом 1 місяця, зобов&rsquo;язання Продавця щодо забезпечення збереження такого Товару припиняються, і він має право розпорядитись Товаром на власний розсуд. Продавець не зобов&rsquo;язаний здійснювати зворотну відправку Товару, заяву за яким оформлено неналежним чином.</p>\r\n\r\n<p>7.5. Вимоги Покупця не підлягають задоволенню, якщо буде доведено, що дефекти Товару виникли внаслідок порушення Покупцем правил користування Товаром, умов його зберігання або умов повернення.</p>\r\n\r\n<p>7.6. Вимоги Покупця мають бути розглянуті протягом 14 робочих днів з моменту їх отримання.</p>\r\n\r\n<h3>8. Повернення вартості повернутого Товару:</h3>\r\n\r\n<p>8.1. Кошти повертаються Покупцеві після отримання Товару та обробки Продавцем належним чином заповненої Покупцем заяви на повернення.</p>\r\n\r\n<p>8.2. Кошти можуть бути повернуті Покупцеві одним із зазначених нижче способів:</p>\r\n\r\n<p>8.2.1. на банківську карту, з якої було здійснено платіж за Товар;</p>\r\n\r\n<p>8.2.2. грошовим переказом.</p>\r\n\r\n<p>8.3. Строк повернення коштів залежить від обраного способу (в строк від декількох годин до 7 банківських днів &ndash; при поверненні на карту; протягом 15 банківських днів при поверненні грошовим переказом. Згідно з правилами &laquo;Укрпошти&raquo; кошти зберігаються в поштових відділеннях один місяць).</p>\r\n\r\n<p>8.4. Строк повернення коштів по проблемним (спірним) поверненням (невідповідність замовленого на Сайті, пошкодження, неналежна якість тощо) може відрізнятись від зазначеного вище (на строк з&rsquo;ясування Продавцем причин пошкодження, підтвердження невідповідності тощо).</p>\r\n\r\n<h3>9. Інші умови:</h3>\r\n\r\n<p>9.1. Всі правила і умови здійснення/виконання окремих дій/операцій, розміщені у відповідних розділах Сайту, є невід&rsquo;ємними частинами (додатками) даної Публічної оферти, що встановлює взаємні права та обов&rsquo;язки Сторін. Продаж Товару регулюється також Законами України &laquo;про електронну комерцію&raquo;, &laquo;Про захист прав споживачів&raquo;, &laquo;Правилами продажу товарів на замовлення та поза торговельними або офісними приміщеннями&raquo; та іншими законодавчими актами в частині, що не суперечить специфіці електронної комерції. До правовідносин за цією Публічною офертою застосовується право України.</p>\r\n\r\n<p>9.2. Всі суперечки, що не вирішились у досудовому порядку, вирішуються в судах України, за законодавством України, українською мовою.</p>\r\n\r\n<p>9.3. Адміністратор має право без попереднього повідомлення вносити зміни в текст даної Публічної оферти та/або Додатків. Зміни в Публічну оферту вступають в силу після їх публікації і застосовуються до будь-якого Замовлення, зробленого після їх публікації.</p>\r\n\r\n<p>9.4. Продавець, Адміністратор і Покупець підтримують зв&rsquo;язок за допомогою застосування електронної пошти, телефонного зв&rsquo;язку (SMS), Viber, мобільних додатків, оголошень та/або повідомлень. Покупець погоджується, що всі повідомлення, дані або інша інформація, що надається в електронному вигляді, мають юридичну силу і прирівнюються до документів, складених в письмовій формі.</p>\r\n\r\n<p>9.5. Якщо Продавець бажає відмовитись від розсилки інформації від інтернет-магазину , Horton він повинен звернутись до служби підтримки.</p>\r\n\r\n<p>9.6. В разі порушення даної Публічної оферти і замовлення Товару для комерційної (підприємницької) діяльності, Покупець повинен відшкодувати Продавцю збитки, пов&rsquo;язані з таким порушенням.</p>\r\n\r\n<p>9.7. Адміністратор не несе відповідальність за дії чи бездіяльність Продавця або Покупця.</p>\r\n\r\n<p>9.8. Якщо будь-яке положення цієї Публічної оферти виявиться незаконним, недійсним, це не призводить до недійсності всієї Публічної оферти.</p>\r\n', '/public-offer/index', 1702396687);

-- --------------------------------------------------------

--
-- Структура таблицы `favorite`
--

CREATE TABLE `favorite` (
  `id` int(11) NOT NULL COMMENT 'ID',
  `user_id` int(11) NOT NULL COMMENT 'Користувач',
  `good_id` int(11) NOT NULL COMMENT 'Товар',
  `created_at` int(11) NOT NULL COMMENT 'Створено'
) ENGINE=InnoDB DEFAULT CHARSET=utf8 COLLATE=utf8_unicode_ci;

-- --------------------------------------------------------

--
-- Структура таблицы `goods`
--

CREATE TABLE `goods` (
  `id` int(11) NOT NULL COMMENT 'ID',
  `title` varchar(100) COLLATE utf8_unicode_ci NOT NULL COMMENT 'Назва',
  `keywords` text COLLATE utf8_unicode_ci COMMENT 'META keywords',
  `description` text COLLATE utf8_unicode_ci COMMENT 'META description',
  `articul` varchar(25) COLLATE utf8_unicode_ci NOT NULL COMMENT 'Артикул',
  `url_key` varchar(100) COLLATE utf8_unicode_ci NOT NULL COMMENT 'Ключ',
  `author` varchar(300) COLLATE utf8_unicode_ci DEFAULT NULL,
  `year` int(4) DEFAULT NULL,
  `lang` varchar(50) COLLATE utf8_unicode_ci DEFAULT NULL,
  `category_id` int(11) NOT NULL COMMENT 'Категорія',
  `subcategory_id` int(11) DEFAULT NULL COMMENT 'Підкатегорія',
  `price` float UNSIGNED NOT NULL COMMENT 'Ціна',
  `publisher` varchar(255) COLLATE utf8_unicode_ci DEFAULT NULL COMMENT 'Видавництво',
  `genre` text COLLATE utf8_unicode_ci COMMENT 'Жанр',
  `hide` enum('Так','Ні') COLLATE utf8_unicode_ci NOT NULL DEFAULT 'Так' COMMENT 'Приховано',
  `available` enum('Так','Ні') COLLATE utf8_unicode_ci NOT NULL DEFAULT 'Так' COMMENT 'В наявності',
  `created_at` int(11) NOT NULL COMMENT 'Створено',
  `updated_at` int(11) NOT NULL COMMENT 'Відредаговано'
) ENGINE=InnoDB DEFAULT CHARSET=utf8 COLLATE=utf8_unicode_ci;

--
-- Дамп данных таблицы `goods`
--

INSERT INTO `goods` (`id`, `title`, `keywords`, `description`, `articul`, `url_key`, `author`, `year`, `lang`, `category_id`, `subcategory_id`, `price`, `publisher`, `genre`, `hide`, `available`, `created_at`, `updated_at`) VALUES
(1, 'Острів проклятих', 'Острів проклятих, Денніс Лігейн, Shutter Island, 9786171503519', 'В Ешекліфській лікарні для божевільних злочинців, що розташована на ізольованому острові, стається неочікуване: з палати втікає небезпечна вбивця...', '2401685', 'ostriv-prokljatih', 'Денніс Лігейн', 2023, 'українська', 1, NULL, 210, 'Клуб Сімейного Дозвілля', 'містичний детектив, кіноромани і екранізації', 'Ні', 'Так', 1702408381, 1702409126),
(2, 'Теплі історії зимової ночі', 'Теплі історії зимової ночі, дива, подарунки, День святого Миколая, Різдво, Новий рік', 'Узимку всі чекають на свята, дива й подарунки. Не завжди все йде як по маслу, але відважні українські діти допомагають казковим героям подолати зло й брехню та попри все відсвяткувати День святого Миколая, Різдво та Новий рік...', '978617', 'tepli-istorii-zimovoi-nochi', NULL, 2023, 'українська', 3, NULL, 550, 'Ранок', 'казки, міфи', 'Ні', 'Так', 1702409933, 1702451943),
(3, 'Хроніки Амбера. У 2-х томах. Том 2. П’ятикнижжя Мерліна', 'Хроніки Амбера, П’ятикнижжя Мерліна, Роджер Желязни', 'Здавалось би, після закінчення війни між двома головними світами — Амбером і Хаосом — у всьому Всесвіті запанував спокій...', '1060578', 'hroniki-ambera-u-2-h-tomah-tom-2-p-jatiknizhzhja-merlina', 'Роджер Желязни', 2020, 'українська', 4, NULL, 599, 'Навчальна книга - Богдан', 'класична проза, фентезі, сучасне фентезі, магічний реалізм', 'Ні', 'Так', 1702410668, 1702410861),
(4, 'Кобзар', 'Кобзар, Тарас Шевченко, Т. Г. Шевченко, ', 'Представлена збірка поезій Т. Г. Шевченка є спробою подати повний, справжній, канонічний текст його творів написаних з 1837 по 1861 р.р...', '2255334', 'kobzar', 'Тарас Шевченко', 2020, 'українська', 5, NULL, 852, 'Школяр', 'лірика, поезія', 'Ні', 'Так', 1702411435, 1702411597),
(5, 'Мій дідусь був черешнею', 'Мій дідусь був черешнею, Анджела Нанетті', 'Ця книга - родинна історія хлопчика Тоніно, розказана від його імені. Проста і казкова водночас. Така, що зачепить кожного знайомими ситуаціями, подіями, фразами і страхами.', '6791126', 'kniga-mij-didus-buv-chereshneju', 'Анджела Нанетті', 2015, 'українська', 3, NULL, 300, 'Видавництво Старого Лева', 'класика дитячої літератури, класична проза', 'Ні', 'Так', 1702411990, 1702412169),
(6, 'Триста поезій', 'Триста поезій, Ліна Костенко', 'До книги Ліни Костенко — улюбленої української поетеси кінця другого–початку третього тисячоліття — увійшли найвідоміші її вірші з різних періодів творчості — від ранньої поезії до сьогодні, а також уривки з романів та поем.', '5850350', 'trista-poezij', 'Ліна Костенко', 2019, 'українська', 5, NULL, 350, 'А-ба-ба-га-ла-ма-га', 'лірика, поезія', 'Ні', 'Так', 1702446565, 1702446752),
(7, 'Повернення до кафе на краю світу', 'Повернення до кафе на краю світу, Джон Стрелекі, Джон П. Стрелекі, Джон, Джессіка, Джон і Джессіка', 'Життя Джона назавжди змінилося після того, як він заблукав і потрапив у маленьке затишне кафе «Чому ви тут?». Чоловік провів там усю ніч і полишив це місце з новим поглядом на сенс буття загалом і на своє життя зокрема.', '9822468', 'povernennja-do-kafe-na-kraju-svitu', 'Джон П. Стрелекі', 2021, 'українська', 6, NULL, 176, 'Vivat', 'мотивація, персональні трансформації, сучасна проза, книги для самореалізації, практичні книги', 'Ні', 'Так', 1702447115, 1702447327),
(8, 'Фактор Черчилля. Як одна людина змінила історію', 'Черчель, джонсонюк, Боріс Джонсон, Борис Джонсон', 'Книжка Боріса Джонсона — це історія про те, як ексцентричний геній Черчилля, прем’єр-міністра Великої Британії, одного з найвизначніших лідерів ХХ століття...', '9427960', 'faktor-cherchillja-jak-odna-ljudina-zminila-istoriju', 'Боріс Джонсон', 2015, 'українська', 7, NULL, 333, 'Vivat', 'біографія, світова історія, історія успіху', 'Ні', 'Так', 1702447794, 1702447943),
(9, 'Твій милий Скрудж', 'Твій милий Скрудж, Меган Куїнн', 'Хіба можна не любити той різдвяний час, коли скрізь мерехтять гірлянди, кружляють сніжинки, пахне печивом і пряниками, коли хочеться одягатися в кумедні светри з дзвіночками, а святковий настрій, здається, витає в повітрі?', '4482339', 'tvij-milij-skrudzh', 'Меган Куїнн', 2023, 'українська', 1, NULL, 112, 'Видавництво Старого Лева', 'любовний роман, сучасна проза, романтична комедія', 'Ні', 'Так', 1702448277, 1702448443),
(10, 'Книга Кузьма Скрябін. Проза', 'Кузьма Скрябін, Андрій Кузьменко', 'Кузьма Скрябін (справжнє ім’я Андрій Кузьменко) народився в місті Самбір Львівської області 17 серпня 1968 року...', '0374119', 'kuz-ma-skrjabin-proza', 'Кузьма Скрябін', 2016, 'українська', 1, NULL, 181, 'Фоліо', 'сучасна проза, гумор і сатира', 'Ні', 'Так', 1702448923, 1702449045),
(11, 'Жовтий князь', 'Жовтий князь, Василь Барка, Василь Очерет, голодомор, геноцид, 1932-1933, 32-33', 'Роман «Жовтий князь» (1958—1961) — це перший в українській літературі великий прозовий твір, присвячений національній трагедії України — страшному голодомору 1932—1933 років, що забрав життя мільйонів людей.', '2375423', 'zhovtij-knjaz', 'Василь Барка', 2022, 'українська', 1, NULL, 160, 'Фоліо', 'класична проза, історична проза', 'Ні', 'Так', 1702449298, 1702449422),
(12, 'Василь Стус. Палімпсести', 'Василь Стус, Палімпсести', 'До книги Василя Стуса (6.01.1938–4.09.1985) — одного з найвидатніших українських поетів ХХ сто­ліття — увійшли вибрані вірші з різних періодів його творчості.', '5852194', 'vasil-stus-palimpsesti', 'Василь Стус', 2021, 'українська', 5, NULL, 350, 'А-ба-ба-га-ла-ма-га', 'поезія', 'Ні', 'Так', 1702449701, 1702449844),
(13, 'Книга 100 ідей для творчих мам', '100 ідей, мама, мати, дитина, творча мама', 'Ця книга — незамінна порадниця для мам діток від 2 до 8 років. Тут ви знайдете ідеї захопливих ігор на кухні та в дитячій кімнаті, поради, як перетворити звичайнісінькі продукти в пречудові матеріали для творчості, а також чимало цікавих експериментів.', '2109672', '100-idej-dlja-tvorchih-mam', NULL, 2020, 'українська', 6, NULL, 84, 'Талант', 'рукоділля і творчість', 'Ні', 'Так', 1702450136, 1702450276);

-- --------------------------------------------------------

--
-- Структура таблицы `goods_characteristics`
--

CREATE TABLE `goods_characteristics` (
  `id` int(11) NOT NULL COMMENT 'ID',
  `parameter` varchar(50) COLLATE utf8_unicode_ci NOT NULL COMMENT 'Параметр',
  `value` text COLLATE utf8_unicode_ci NOT NULL COMMENT 'Значення',
  `good_id` int(11) NOT NULL COMMENT 'Товар',
  `created_at` int(11) NOT NULL COMMENT 'Створено',
  `updated_at` int(11) NOT NULL COMMENT 'Відредаговано'
) ENGINE=InnoDB DEFAULT CHARSET=utf8 COLLATE=utf8_unicode_ci;

--
-- Дамп данных таблицы `goods_characteristics`
--

INSERT INTO `goods_characteristics` (`id`, `parameter`, `value`, `good_id`, `created_at`, `updated_at`) VALUES
(1, 'Автор', '<p>Денніс Лігейн</p>\r\n', 1, 1702408445, 1702408445),
(2, 'Кількість сторінок', '<p>336</p>\r\n', 1, 1702408460, 1702408460),
(3, 'Серія книг', '<p>КУЛЬТREAD</p>\r\n', 1, 1702408478, 1702408478),
(4, 'Перекладач', '<p>Борис Превір</p>\r\n', 1, 1702408496, 1702408496),
(5, 'Оригінальна назва', '<p>Shutter Island</p>\r\n', 1, 1702408512, 1702408512),
(6, 'ISBN', '<p>9786171503519</p>\r\n', 1, 1702408528, 1702408528),
(7, 'Рік першого видання', '<p>2003</p>\r\n', 1, 1702408543, 1702408543),
(8, 'Вік', '<p>Від 5 до 5 років</p>\r\n', 2, 1702410090, 1702410090),
(9, 'Тип обкладинки', '<p>Тверда</p>\r\n', 2, 1702410118, 1702410118),
(10, 'Укладач', '<p>Інна Конопленко</p>\r\n', 2, 1702410134, 1702410134),
(11, 'Кількість сторінок', '<p>176</p>\r\n', 2, 1702410147, 1702410147),
(12, 'Ілюстратор', '<p>В. Проскуріна</p>\r\n', 2, 1702410167, 1702410167),
(13, 'ISBN', '<p>978-617-09-8253-7</p>\r\n', 2, 1702410181, 1702410181),
(14, 'Тип обкладинки', '<p>Тверда</p>\r\n', 3, 1702410717, 1702410717),
(15, 'Кількість сторінок', '<p>864</p>\r\n', 3, 1702410735, 1702410735),
(16, 'Серія книг', '<p>Хроніки Амбера</p>\r\n', 3, 1702410755, 1702410755),
(17, 'Перекладач', '<p>Катерина Пітик, Галина Михайловська, Анатолій Пітик</p>\r\n', 3, 1702410779, 1702410779),
(18, 'Оригінальна назва', '<p>The Chronicles of Amber</p>\r\n', 3, 1702410793, 1702410793),
(19, 'ISBN', '<p>978-966-10-6057-8</p>\r\n', 3, 1702410811, 1702410811),
(20, 'Подарункові видання та комплекти', '<p>Подарункове оформлення</p>\r\n', 4, 1702411476, 1702411476),
(21, 'Література за періодами', '<p>Література XIX - поч. XX ст. (до 1918 р)</p>\r\n', 4, 1702411491, 1702411491),
(22, 'ISBN', '<p>978-966-1650-77-9</p>\r\n', 4, 1702411506, 1702411506),
(23, 'Тип обкладинки', '<p>Тверда</p>\r\n', 4, 1702411520, 1702411520),
(24, 'Кількість сторінок', '<p>744</p>\r\n', 4, 1702411535, 1702411535),
(25, 'Вік', '<p>Від 9 до 12 років</p>\r\n', 5, 1702412025, 1702412025),
(26, 'Тип обкладинки', '<p>Тверда</p>\r\n', 5, 1702412042, 1702412042),
(27, 'Кількість сторінок', '<p>135</p>\r\n', 5, 1702412056, 1702412056),
(28, 'Ілюстратор', '<p>Анастасія Стефурак</p>\r\n', 5, 1702412077, 1702412077),
(29, 'Перекладач', '<p>Андрій Маслюх</p>\r\n', 5, 1702412099, 1702412099),
(30, 'Оригінальна назва', '<p>Mio Nonna era un Ciliegio</p>\r\n', 5, 1702412114, 1702412114),
(31, 'ISBN', '<p>978-617-679-112-6</p>\r\n', 5, 1702412128, 1702412128),
(32, 'Тип обкладинки', '<p>Тверда</p>\r\n', 6, 1702446613, 1702446613),
(33, 'Укладач', '<p>Іван Малкович, Оксана Пахльовська</p>\r\n', 6, 1702446635, 1702446635),
(34, 'ISBN', '<p>978-617-585-035-0</p>\r\n', 6, 1702446654, 1702446654),
(35, 'Ілюстрації', '<p>Немає ілюстрацій</p>\r\n', 6, 1702446684, 1702446684),
(36, 'Кількість сторінок', '<p>416</p>\r\n', 6, 1702446716, 1702446716),
(37, 'Тип обкладинки', '<p>Тверда</p>\r\n', 7, 1702447163, 1702447163),
(38, 'Кількість сторінок', '<p>304</p>\r\n', 7, 1702447170, 1702447170),
(39, 'Перекладач', '<p>Марія Пухлій</p>\r\n', 7, 1702447194, 1702447194),
(40, 'Оригінальна назва', '<p>Return to The Why Cafe</p>\r\n', 7, 1702447211, 1702447211),
(41, 'ISBN', '<p>978-966-982-246-8</p>\r\n', 7, 1702447225, 1702447225),
(42, 'Ілюстрації', '<p>Немає ілюстрацій</p>\r\n', 7, 1702447248, 1702447248),
(43, 'Ілюстрації', '<p>Немає ілюстрацій</p>\r\n', 8, 1702447834, 1702447834),
(44, 'ISBN', '<p>978-966-942-796-0</p>\r\n', 8, 1702447850, 1702447850),
(45, 'Тип обкладинки', '<p>Тверда</p>\r\n', 8, 1702447866, 1702447866),
(46, 'Кількість сторінок', '<p>400</p>\r\n', 8, 1702447877, 1702447877),
(47, 'Тип обкладинки', '<p>Тверда</p>\r\n', 9, 1702448321, 1702448321),
(48, 'Кількість сторінок', '<p>96</p>\r\n', 9, 1702448332, 1702448332),
(49, 'Перекладач', '<p>Анастасія Коник</p>\r\n', 9, 1702448350, 1702448350),
(50, 'ISBN', '<p>978-966-448-233-9</p>\r\n', 9, 1702448365, 1702448365),
(51, 'Ілюстрації', '<p>Немає ілюстрацій</p>\r\n', 9, 1702448383, 1702448383),
(52, 'Тип обкладинки', '<p>Тверда</p>\r\n', 10, 1702448961, 1702448961),
(53, 'Кількість сторінок', '<p>378</p>\r\n', 10, 1702448975, 1702448975),
(54, 'ISBN', '<p>978-966-03-7411-9</p>\r\n', 10, 1702448995, 1702448995),
(55, 'Ілюстрації', '<p>Немає ілюстрацій</p>\r\n', 10, 1702449014, 1702449014),
(56, 'Тип обкладинки', '<p>Мʼяка</p>\r\n', 11, 1702449329, 1702449329),
(57, 'Кількість сторінок', '<p>320</p>\r\n', 11, 1702449340, 1702449340),
(58, 'ISBN', '<p>978-617-551-197-8</p>\r\n', 11, 1702449357, 1702449357),
(59, 'Література за періодами', '<p>Література XX ст.</p>\r\n', 11, 1702449373, 1702449373),
(60, 'Ілюстрації', '<p>Чорно-білі</p>\r\n', 11, 1702449388, 1702449388),
(61, 'Тип обкладинки', '<p>Тверда</p>\r\n', 12, 1702449756, 1702449756),
(62, 'Кількість сторінок', '<p>352</p>\r\n', 12, 1702449767, 1702449767),
(63, 'ISBN', '<p>978-617-585-219-4</p>\r\n', 12, 1702449790, 1702449790),
(64, 'Література за періодами', '<p>Література XX ст.</p>\r\n', 12, 1702449809, 1702449809),
(65, 'Ілюстрації', '<p>Немає ілюстрацій</p>\r\n', 12, 1702449828, 1702449828),
(66, 'Укладач', '<p>Катерина Шаповалова, Ганна Шишкова</p>\r\n', 13, 1702450180, 1702450180),
(67, 'Ілюстратор', '<p>Наталя Шерстюк</p>\r\n', 13, 1702450196, 1702450196),
(68, 'Ілюстрації', '<p>Кольорові</p>\r\n', 13, 1702450212, 1702450212),
(69, 'ISBN', '<p>978-966-935-872-1</p>\r\n', 13, 1702450229, 1702450229),
(70, 'Кількість сторінок', '<p>64</p>\r\n', 13, 1702450246, 1702450246),
(71, 'Тип обкладинки', '<p>Тверда</p>\r\n', 13, 1702450256, 1702450256);

-- --------------------------------------------------------

--
-- Структура таблицы `goods_description`
--

CREATE TABLE `goods_description` (
  `id` int(11) NOT NULL COMMENT 'ID',
  `text` text COLLATE utf8_unicode_ci NOT NULL COMMENT 'Опис',
  `good_id` int(11) NOT NULL COMMENT 'Товар',
  `created_at` int(11) NOT NULL COMMENT 'Створено',
  `updated_at` int(11) NOT NULL COMMENT 'Відредаговано'
) ENGINE=InnoDB DEFAULT CHARSET=utf8 COLLATE=utf8_unicode_ci;

--
-- Дамп данных таблицы `goods_description`
--

INSERT INTO `goods_description` (`id`, `text`, `good_id`, `created_at`, `updated_at`) VALUES
(1, '<p>В Ешекліфській лікарні для божевільних злочинців, що розташована на ізольованому острові, стається неочікуване: з палати втікає небезпечна вбивця. Для розслідування інциденту до закладу прибувають маршал Едвард &quot;Тедді&quot; Деніелз із напарником. Однак досить швидко чоловіки розуміють: тут відбувається щось химерне.</p>\r\n\r\n<p>Порожній маяк на узбережжі охороняють краще, ніж усю лікарню, медики застосовують експериментальні психотропні препарати, а пацієнти попереджають Тедді не довіряти персоналу й новому напарнику. Напруга зростає, коли буря накриває острів та відрізає маршала від зовнішнього світу. А що як Тедді &mdash; сам учасник експерименту і зовсім не той, ким він себе вважає?</p>\r\n', 1, 1702408402, 1702408402),
(2, '<p><span style=\"color:rgb(34, 34, 34)\">Узимку всі чекають на свята, дива й подарунки. Не завжди все йде як по маслу, але відважні українські діти допомагають казковим героям подолати зло й брехню та попри все відсвяткувати День святого Миколая, Різдво та Новий рік.Оповідання, написані сучасними українськими авторами, сповнені тепла, доброти, щирості й любові до тварин і людей, до природи та рідної Батьківщини. &laquo;Теплі історії&raquo; зігріють у найлютіші морози, розважать у тривалому очікуванні на свята та збережуть надію за найскрутніших часів. Видання призначене для дітей молодшого шкільного віку.</span></p>\r\n', 2, 1702410069, 1702410069),
(3, '<p>Здавалось би, після закінчення війни між двома головними світами &mdash; Амбером і Хаосом &mdash; у всьому Всесвіті запанував спокій. Трон Амбера очолює новий король, який понад усе прагне зберегти злагоду та мир. Однак...</p>\r\n\r\n<p>У Тіні Земля юнак Мерлін, син Корвіна Амберського і Дари з Дворів Хаосу, намагається жити нормальним земним життям, життям без підступів, війн, вендет&hellip; І це йому добре вдається, якщо не зважати на те, що трапляється з ним кожного 30 квітня. Саме цього дня упродовж восьми років хтось (чи щось?) намагається його вбити. Пожежа, витік газу, автокатастрофа, стрілянина&hellip; А цьогорічний убивця виявився схожою на собаку почварою, що загризла його колишню дівчину Джулію та ледь не вбила і його.</p>\r\n\r\n<p>Хтось повинен стояти за всім цим, але хто?</p>\r\n', 3, 1702410695, 1702410695),
(4, '<p>Представлена збірка поезій Т. Г. Шевченка є спробою подати повний, справжній, канонічний текст його творів написаних з 1837 по 1861 р.р. Поряд з поетичною спадщиною поета в книзі представлені його художні роботи, які показують народові могутнього та вольового Шевченка. Ці картини знаходяться на експозиції в Національному музеї Тараса Шевченка. Вперше для оформлення сторінок, на яких розміщені поезії Тараса Григоровича, використані його акварельні роботи, створені ним у період заслання.</p>\r\n', 4, 1702411447, 1702411447),
(5, '<p>Ця книга - родинна історія хлопчика Тоніно, розказана від його імені. Проста і казкова водночас. Така, що зачепить кожного знайомими ситуаціями, подіями, фразами і страхами. У Тоніно є мама й тато, які не завжди знаходять спільну мову. Є дідусь і бабуся міські, а є - сільські. І вони зовсім різні, бо живуть у різних світах. І саме сільські дідусь і бабуся - Оттавіано і Теодолінда - словами, вчинками, тим, які вони є, відкривають перед Тоніно, а отже - й перед нами, скарби емоцій, вчать розуміти себе й близьких, сприймати і переосмислювати навіть найскладніші речі та явища. Навіть смерть, яка є невід&#39;ємною частиною життя. Ця історія - повернення в дитинство з його можливістю неможливого і нагадування про те, що дива існують поряд з нами, і що, попри сум, несправедливість та розпач, ми таки зуміємо їх побачити, якщо тільки відкриємо до них серце.</p>\r\n', 5, 1702412006, 1702412006),
(6, '<p>До книги Ліни Костенко &mdash; улюбленої української поетеси кінця другого&ndash;початку третього тисячоліття &mdash; увійшли найвідоміші її вірші з різних періодів творчості &mdash; від ранньої поезії до сьогодні, а також уривки з романів та поем. Це найповніше вибране поетеси за часів Незалежності.</p>\r\n\r\n<p>Книга у подарунковій твердій обкладинці під тканину з жовтим шовковим ляссе.</p>\r\n', 6, 1702446589, 1702446589),
(7, '<p>Життя Джона назавжди змінилося після того, як він заблукав і потрапив у маленьке затишне кафе &laquo;Чому ви тут?&raquo;. Чоловік провів там усю ніч і полишив це місце з новим поглядом на сенс буття загалом і на своє життя зокрема. Джон дуже здивувався, коли десятьма роками пізніше знову опинився в цьому кафе. От тільки цього разу в меню були три нові запитання. І відповісти на них уже мала Джессіка &mdash; випадкова відвідувачка, яка втратила життєвий орієнтир. Час, проведений у кафе, надихає Джона і Джессіку заглибитись у себе, звіритись зі своїми цінностями й жити справжнім та насиченим життям. Події, описані в цій книжці, повертають читачів у те місце, де завжди є смачна їжа і де ставлять запитання, які спонукають замислитися про найважливіше. Тож улаштовуйтеся зручніше й насолоджуйтеся поверненням до кафе на краю світу.</p>\r\n', 7, 1702447131, 1702447131),
(8, '<p>Книжка Боріса Джонсона &mdash; це історія про те, як ексцентричний геній Черчилля, прем&rsquo;єр-міністра Великої Британії, одного з найвизначніших лідерів ХХ століття, формував світову політику. Аналізуючи досягнення й помилки, а також міфи, які супроводжували цю видатну постать, Джонсон зобразив Черчилля як незрівнянного стратега, людину надзвичайно сміливу, красномовну й глибоко гуманну. Безстрашний на полі бою, один із найкращих ораторів усіх часів, лауреат Нобелівської премії з літератури, Вінстон Черчилль спростував думку, що історія &mdash; це місце дії великих знеособлених сил.</p>\r\n\r\n<p>Життя цього чоловіка є доказом того, що одна людина &mdash; відважна, геніальна, визначна &mdash; може впливати на світовий лад.</p>\r\n', 8, 1702447811, 1702447811),
(9, '<p>Хіба можна не любити той різдвяний час, коли скрізь мерехтять гірлянди, кружляють сніжинки, пахне печивом і пряниками, коли хочеться одягатися в кумедні светри з дзвіночками, а святковий настрій, здається, витає в повітрі? Але Нола точно знає, як це &mdash; ненавидіти свята. Вона розійшлася зі своїм хлопцем і повернулась у рідне містечко, де почала ремонт у батьківському домі. Нола намагається уникати святкової метушні, та головне для неї &mdash; уникати зустрічей із Калебом, який багато років тому розбив її серце. Проте дівчина й не підозрює, що Калеб досі її кохає. Одного дня Нола отримує лист від загадкового Скруджа, який так само ненавидить Різдво, і починає листуватися з незнайомцем. Але чи можна закохатися у того, кого зовсім не знаєш?</p>\r\n\r\n<p>Ця настроєва добра історія &mdash; про те, що різдвяні дива таки трап&shy;ляються, надто ж тоді, коли хтось дуже хоче допомогти їм статися.</p>\r\n', 9, 1702448295, 1702448295),
(10, '<p>Кузьма Скрябін (справжнє ім&rsquo;я Андрій Кузьменко) народився в місті Самбір Львівської області 17 серпня 1968 року. Закінчив музичну школу за класом фортепіано. 1989 року записав першу пісню у складі музичної групи &laquo;Скрябін&raquo;. З того часу став відомим як співак, автор музики і текстів багатьох десятків пісень, а також ще і як талановитий письменник. У видавництві &laquo;Фоліо&raquo; вийшли друком його книжки &laquo;Я, &ldquo;Побєда&rdquo; і Берлін&raquo; (українською та російською), &laquo;Я, Паштєт і Армія&raquo; та &quot;Я, Шонік і Шпіцберген&quot;.</p>\r\n\r\n<p>До цього видання включено усі прозові твори відомого музиканта, в яких якнайкраще розкрився його оригінальний, приправлений іскрометним гумором, письменницький талант.</p>\r\n', 10, 1702448945, 1702448945),
(11, '<p>Творчість Василя Барки (справжнє ім&rsquo;я &mdash; Василь Костянтинович Очерет, 1908&mdash;2003), талановитого письменника і поета, представника української діаспори у Сполучених Штатах Америки, довгі роки залишалася невідомою в нашій країні.</p>\r\n\r\n<p>Роман &laquo;Жовтий князь&raquo; (1958&mdash;1961) &mdash; це перший в українській літературі великий прозовий твір, присвячений національній трагедії України &mdash; страшному голодомору 1932&mdash;1933 років, що забрав життя мільйонів людей. Письменник створює символічний образ Жовтого князя, демона зла, який несе з собою лише руйнування, спустошення, муки і смерть. Цей алегоричний образ перетворюється на об&#39;єкт ненависті не лише простого люду, а й самого читача.</p>\r\n', 11, 1702449313, 1702449313),
(12, '<div>\r\n<p>До книги Василя Стуса (6.01.1938&ndash;4.09.1985) &mdash; одного з найвидатніших українських поетів ХХ сто&shy;ліття &mdash; увійшли вибрані вірші з різних періодів його творчості.</p>\r\n\r\n<p>З листа В. Стуса до побратима-політв&#39;язня Миколи Плахотнюка:&nbsp;&quot;...наш єдиний оптимізм &mdash; у прямостоянні. І ця постава робить нас усіх &mdash; братами... Дуже шкода, що я нічим не можу Тобі запомогти, виявляється. Бодай не забувай, що Тебе, як і всіх своїх справжніх братів, я тримаю в голові постійно, сушуся Твоїми болями, як своїми. І не раз, не два писав Твоє прізвище &mdash; в ряду інших. Ще раз, брате: наш оптимізм &mdash; у нас самих, в нашій поставі. Решта &mdash; нас не обходить. На те є Господня воля, яку не оскаржують.&quot;</p>\r\n\r\n<p>У книжці зібрано найкращі вірші Поета, а також найвиразніші уривки з листів, сповнені філософських узагальнень і щемливих деталей. Примітки під деякими віршами проливають несподіване світло на драматичні моменти життя і творчості Василя Стуса.</p>\r\n\r\n<p>Сподіваємося, що ця книга стане вашою улюбленою збіркою творів визначного Поета і Громадянина.</p>\r\n\r\n<p>Післямова: Костянтин Москалець.<br />\r\nКонсультанти: Галина Стефанова, Костянтин Москалець, Дмитро Стус.</p>\r\n\r\n<div>&nbsp;</div>\r\n</div>\r\n', 12, 1702449740, 1702449740),
(13, '<p>Ця книга &mdash; незамінна порадниця для мам діток від 2 до 8 років. Тут ви знайдете ідеї захопливих ігор на кухні та в дитячій кімнаті, поради, як перетворити звичайнісінькі продукти в пречудові матеріали для творчості, а також чимало цікавих експериментів.</p>\r\n\r\n<p>Сподіваємось, що книга надихне вас і вашого малюка грати, творити, досліджувати, винаходити щось нове і подарує багато радісних хвилин спільної творчості!</p>\r\n', 13, 1702450151, 1702450151);

-- --------------------------------------------------------

--
-- Структура таблицы `goods_genre`
--

CREATE TABLE `goods_genre` (
  `id` int(11) NOT NULL COMMENT 'ID',
  `value` text COLLATE utf8_unicode_ci NOT NULL COMMENT 'Значення',
  `good_id` int(11) NOT NULL COMMENT 'Товар',
  `created_at` int(11) NOT NULL COMMENT 'Створено',
  `updated_at` int(11) NOT NULL COMMENT 'Відредаговано'
) ENGINE=InnoDB DEFAULT CHARSET=utf8 COLLATE=utf8_unicode_ci;

--
-- Дамп данных таблицы `goods_genre`
--

INSERT INTO `goods_genre` (`id`, `value`, `good_id`, `created_at`, `updated_at`) VALUES
(1, 'Містичний детектив', 1, 1702408751, 1702408751),
(2, 'Кіноромани і екранізації', 1, 1702408855, 1702409126),
(3, 'Казки', 2, 1702410213, 1702451936),
(4, 'Класична проза', 3, 1702410834, 1702410834),
(5, 'Фентезі', 3, 1702410843, 1702410843),
(6, 'Сучасне фентезі', 3, 1702410852, 1702410852),
(7, 'Магічний реалізм', 3, 1702410861, 1702410861),
(8, 'Лірика', 4, 1702411573, 1702411584),
(9, 'Поезія', 4, 1702411597, 1702411597),
(10, 'Класика дитячої літератури', 5, 1702412156, 1702412156),
(11, 'Класична проза', 5, 1702412169, 1702412169),
(12, 'Лірика', 6, 1702446740, 1702446740),
(13, 'Поезія', 6, 1702446752, 1702446752),
(14, 'Мотивація', 7, 1702447280, 1702447280),
(15, 'Персональні трансформації', 7, 1702447292, 1702447292),
(16, 'Сучасна проза', 7, 1702447302, 1702447302),
(17, 'Книги для самореалізації', 7, 1702447314, 1702447314),
(18, 'Практичні книги', 7, 1702447327, 1702447327),
(19, 'Біографія', 8, 1702447921, 1702447921),
(20, 'Світова історія', 8, 1702447928, 1702447928),
(21, 'Історія успіху', 8, 1702447943, 1702447943),
(22, 'Любовний роман', 9, 1702448402, 1702448402),
(23, 'Сучасна проза', 9, 1702448430, 1702448430),
(24, 'Романтична комедія', 9, 1702448443, 1702448443),
(25, 'Сучасна проза', 10, 1702449028, 1702449028),
(26, 'Гумор і сатира', 10, 1702449045, 1702449045),
(27, 'Класична проза', 11, 1702449413, 1702449413),
(28, 'Історична проза', 11, 1702449422, 1702449422),
(29, 'Поезія', 12, 1702449844, 1702449844),
(30, 'Рукоділля і творчість', 13, 1702450276, 1702450276),
(31, 'Міфи', 2, 1702451943, 1702451943);

-- --------------------------------------------------------

--
-- Структура таблицы `goods_images`
--

CREATE TABLE `goods_images` (
  `id` int(11) NOT NULL COMMENT 'ID',
  `image` varchar(50) COLLATE utf8_unicode_ci NOT NULL COMMENT 'Зображення',
  `alt_text` varchar(100) COLLATE utf8_unicode_ci NOT NULL COMMENT 'Альтернативний текст',
  `preview` enum('Так','Ні') COLLATE utf8_unicode_ci NOT NULL DEFAULT 'Ні' COMMENT 'Превʼю',
  `good_id` int(11) NOT NULL COMMENT 'Товар',
  `created_at` int(11) NOT NULL COMMENT 'Створено',
  `updated_at` int(11) NOT NULL COMMENT 'Відредаговано'
) ENGINE=InnoDB DEFAULT CHARSET=utf8 COLLATE=utf8_unicode_ci;

--
-- Дамп данных таблицы `goods_images`
--

INSERT INTO `goods_images` (`id`, `image`, `alt_text`, `preview`, `good_id`, `created_at`, `updated_at`) VALUES
(1, '6f6f3d792696cd77b914cd6c41a577d1.png', 'Острів проклятих', 'Так', 1, 1702409646, 1702409646),
(2, '14d5294a4b12068a89ea380d1d426821.png', 'Теплі історії зимової ночі', 'Так', 2, 1702410440, 1702410440),
(3, '5d0137a1193b5323e21478ef1cfe0cf5.png', 'Хроніки Амбера. У 2-х томах. Том 2. П’ятикнижжя Мерліна', 'Так', 3, 1702411135, 1702411211),
(4, '873ed285b6f45a946745caf2b9a8a707.png', 'Кобзар', 'Так', 4, 1702411788, 1702411788),
(5, 'e21c8b4d5a99af93dbcefbce73742005.png', 'Мій дідусь був черешнею', 'Так', 5, 1702412318, 1702412318),
(6, '9b5b550caefc4faf1cf627fabda01804.png', 'Триста поезій', 'Так', 6, 1702446874, 1702446874),
(7, '5af4117771e5fb542aa6854ecdebc7cc.png', 'Повернення до кафе на краю світу', 'Так', 7, 1702447490, 1702447490),
(8, 'afef5b3c061137dfe36419aadb2416e1.png', 'Фактор Черчилля. Як одна людина змінила історію', 'Так', 8, 1702448069, 1702448069),
(9, 'e598fb6984e75fb94f5939043b50951f.png', 'Твій милий Скрудж', 'Так', 9, 1702448611, 1702448611),
(10, '1d67d3b8af04b5a41ddb6877120723fc.png', 'Кузьма Скрябін', 'Так', 10, 1702449164, 1702449164),
(11, 'e0a8c24802adcdb8c1f4f969872ae4a3.png', 'Жовтий князь', 'Так', 11, 1702449542, 1702449542),
(12, '46d61bec232a01c9472a0992794062ac.png', 'Стус', 'Так', 12, 1702449962, 1702449962),
(13, '57f013dedb0342129a1ca9e9a9f6e707.png', '100 ідей', 'Так', 13, 1702450384, 1702450384);

-- --------------------------------------------------------

--
-- Структура таблицы `orders`
--

CREATE TABLE `orders` (
  `id` int(11) NOT NULL COMMENT 'ID',
  `order_id` varchar(50) COLLATE utf8_unicode_ci NOT NULL COMMENT 'No. замовлення',
  `user_info` text COLLATE utf8_unicode_ci NOT NULL COMMENT 'Замовник',
  `good_id` int(11) NOT NULL COMMENT 'Товар',
  `count` int(11) NOT NULL COMMENT 'Кількість',
  `good_price` float UNSIGNED NOT NULL COMMENT 'Ціна за шт.',
  `price` float UNSIGNED NOT NULL COMMENT 'Ціна за все',
  `payment` varchar(100) COLLATE utf8_unicode_ci NOT NULL COMMENT 'Оплата',
  `delivery` text COLLATE utf8_unicode_ci NOT NULL COMMENT 'Доставка',
  `status` enum('Нове','Прийнято','Відхилено') COLLATE utf8_unicode_ci NOT NULL DEFAULT 'Нове' COMMENT 'Статус',
  `created_at` int(11) NOT NULL COMMENT 'Створено',
  `updated_at` int(11) NOT NULL COMMENT 'Відредаговано'
) ENGINE=InnoDB DEFAULT CHARSET=utf8 COLLATE=utf8_unicode_ci;

-- --------------------------------------------------------

--
-- Структура таблицы `slider`
--

CREATE TABLE `slider` (
  `id` int(11) NOT NULL COMMENT 'ID',
  `title` varchar(100) COLLATE utf8_unicode_ci NOT NULL COMMENT 'Заголовок',
  `description` varchar(300) COLLATE utf8_unicode_ci NOT NULL COMMENT 'Опис',
  `page_url_key` varchar(25) COLLATE utf8_unicode_ci NOT NULL COMMENT 'Ключ сторінки',
  `image` varchar(50) COLLATE utf8_unicode_ci NOT NULL COMMENT 'Зображення',
  `created_at` int(11) NOT NULL COMMENT 'Створено',
  `updated_at` int(11) NOT NULL COMMENT 'Відредаговано'
) ENGINE=InnoDB DEFAULT CHARSET=utf8 COLLATE=utf8_unicode_ci;

--
-- Дамп данных таблицы `slider`
--

INSERT INTO `slider` (`id`, `title`, `description`, `page_url_key`, `image`, `created_at`, `updated_at`) VALUES
(1, 'Вітаємо!', 'Завітайте до Книжкової вежі - вашого надійного провідника у світі книг. Дозвольте нам допомогти вам знайти те, що розширить ваші горизонти, захопить, збагатить і зробить ваші часи більш цікавими та захоплюючими.', 'shop', '8a05b540c0ca910fb5df46d3151f27f2.png', 1685051070, 1702396396),
(2, 'Хто ми такі?!', 'Книжкова вежа - це більше, ніж просто інтернет-магазин книг. Ми - команда ентузіастів, яка об\'єднала свою любов до слова, знань і пригод у єдине місце для всіх поціновувачів літератури.', 'about', 'edc67848cf704cab8bedde620857cf1d.png', 1685051799, 1702396411),
(3, 'Наші контакти', 'Книжкова вежа - це не лише магазин, але й спільнота книжкових любителів. Ми створюємо простір для обміну враженнями про прочитані книги, рекомендацій та дискусій. Приєднуйтесь до нашої спільноти, діліться своїми враженнями та знаходьте нових друзів серед однодумців.', 'contact', '915079bc81497b32bbd6f778642144e6.png', 1685051927, 1702396443);

-- --------------------------------------------------------

--
-- Структура таблицы `subcategory`
--

CREATE TABLE `subcategory` (
  `id` int(11) NOT NULL COMMENT 'ID',
  `title` varchar(50) COLLATE utf8_unicode_ci NOT NULL COMMENT 'Назва',
  `url_key` varchar(25) COLLATE utf8_unicode_ci NOT NULL COMMENT 'Ключ',
  `image` varchar(50) COLLATE utf8_unicode_ci NOT NULL COMMENT 'Зображення',
  `category_id` int(11) NOT NULL COMMENT 'Категорія',
  `created_at` int(11) NOT NULL COMMENT 'Створено',
  `updated_at` int(11) NOT NULL COMMENT 'Відредаговано'
) ENGINE=InnoDB DEFAULT CHARSET=utf8 COLLATE=utf8_unicode_ci;

-- --------------------------------------------------------

--
-- Структура таблицы `user`
--

CREATE TABLE `user` (
  `id` int(11) NOT NULL COMMENT 'ID',
  `auth_key` varchar(32) COLLATE utf8_unicode_ci NOT NULL COMMENT 'Ключ авторизації',
  `password_hash` varchar(255) COLLATE utf8_unicode_ci NOT NULL COMMENT 'Пароль',
  `password_reset_token` varchar(255) COLLATE utf8_unicode_ci DEFAULT NULL COMMENT 'Токен скидування пароля',
  `email` varchar(255) COLLATE utf8_unicode_ci DEFAULT NULL COMMENT 'E-mail',
  `phone` varchar(20) COLLATE utf8_unicode_ci NOT NULL COMMENT 'Телефон',
  `first_name` varchar(100) COLLATE utf8_unicode_ci NOT NULL COMMENT 'Імʼя',
  `middle_name` varchar(100) COLLATE utf8_unicode_ci DEFAULT NULL COMMENT 'По батькові',
  `last_name` varchar(100) COLLATE utf8_unicode_ci NOT NULL COMMENT 'Прізвище',
  `company` varchar(100) COLLATE utf8_unicode_ci DEFAULT NULL COMMENT 'Компанія',
  `website` varchar(100) COLLATE utf8_unicode_ci DEFAULT NULL COMMENT 'Веб-сайт',
  `comment` text COLLATE utf8_unicode_ci COMMENT 'Коментарі',
  `status` smallint(6) NOT NULL DEFAULT '0' COMMENT 'Статус'
) ENGINE=InnoDB DEFAULT CHARSET=utf8 COLLATE=utf8_unicode_ci;

--
-- Дамп данных таблицы `user`
--

INSERT INTO `user` (`id`, `auth_key`, `password_hash`, `password_reset_token`, `email`, `phone`, `first_name`, `middle_name`, `last_name`, `company`, `website`, `comment`, `status`) VALUES
(1, '1u76VpEBt7OP5e5mijMD8N6ZpdXGrT_k', '$2y$13$66V6dtmakTDJEFTezZW9/eW5dPtpAmizGGBhKd33wzL9tHvBw.t3G', NULL, 'admin@shop.local', '+38 (096) 124 4567', 'Адмін', 'Адмін', 'Адмін', 'Книжкова вежа', '', '', 10),
(2, '1u35VpRDt7OP5t8mijMD8N5UpdXGrT_p', '$2y$13$Gc9g1AtrXbxWiJBVGvgVHuINp51BMnt/bOrPZcqRFo1awDoajhz4K', NULL, 'timmail@shop.local', '+38 (095) 123 9876', 'Тарас', 'Іванович', 'Мосійчук', 'Книжкова вежа', '', '', 10),
(3, '-S08gpKUrxdGzqVk2XbvVtfmY1rKSIN1', '$2y$13$R76bJybwq34VVxtbZiwGfumnVl/dJAEx/Gom3TyWjGpBGGinWDREy', NULL, 'macko@shop.local', '+38 (093) 123 3211', 'Олександр', NULL, 'Мацко', NULL, NULL, NULL, 10);

--
-- Индексы сохранённых таблиц
--

--
-- Индексы таблицы `auth_assignment`
--
ALTER TABLE `auth_assignment`
  ADD PRIMARY KEY (`item_name`,`user_id`),
  ADD KEY `idx-auth_assignment-user_id` (`user_id`);

--
-- Индексы таблицы `auth_item`
--
ALTER TABLE `auth_item`
  ADD PRIMARY KEY (`name`),
  ADD KEY `rule_name` (`rule_name`),
  ADD KEY `idx-auth_item-type` (`type`);

--
-- Индексы таблицы `auth_item_child`
--
ALTER TABLE `auth_item_child`
  ADD PRIMARY KEY (`parent`,`child`),
  ADD KEY `child` (`child`);

--
-- Индексы таблицы `auth_rule`
--
ALTER TABLE `auth_rule`
  ADD PRIMARY KEY (`name`);

--
-- Индексы таблицы `cart`
--
ALTER TABLE `cart`
  ADD PRIMARY KEY (`id`),
  ADD KEY `user_id` (`user_id`),
  ADD KEY `good_id` (`good_id`);

--
-- Индексы таблицы `category`
--
ALTER TABLE `category`
  ADD PRIMARY KEY (`id`),
  ADD UNIQUE KEY `url_key` (`url_key`),
  ADD UNIQUE KEY `image` (`image`);

--
-- Индексы таблицы `contact`
--
ALTER TABLE `contact`
  ADD PRIMARY KEY (`id`);

--
-- Индексы таблицы `content`
--
ALTER TABLE `content`
  ADD PRIMARY KEY (`id`),
  ADD UNIQUE KEY `url` (`url`);

--
-- Индексы таблицы `favorite`
--
ALTER TABLE `favorite`
  ADD PRIMARY KEY (`id`),
  ADD KEY `user_id` (`user_id`),
  ADD KEY `good_id` (`good_id`);

--
-- Индексы таблицы `goods`
--
ALTER TABLE `goods`
  ADD PRIMARY KEY (`id`),
  ADD UNIQUE KEY `articul` (`articul`),
  ADD UNIQUE KEY `url_key` (`url_key`),
  ADD KEY `category_id` (`category_id`),
  ADD KEY `subcategory_id` (`subcategory_id`);

--
-- Индексы таблицы `goods_characteristics`
--
ALTER TABLE `goods_characteristics`
  ADD PRIMARY KEY (`id`),
  ADD KEY `good_id` (`good_id`);

--
-- Индексы таблицы `goods_description`
--
ALTER TABLE `goods_description`
  ADD PRIMARY KEY (`id`),
  ADD KEY `good_id` (`good_id`);

--
-- Индексы таблицы `goods_genre`
--
ALTER TABLE `goods_genre`
  ADD PRIMARY KEY (`id`),
  ADD KEY `good_id` (`good_id`);

--
-- Индексы таблицы `goods_images`
--
ALTER TABLE `goods_images`
  ADD PRIMARY KEY (`id`),
  ADD UNIQUE KEY `image` (`image`),
  ADD KEY `good_id` (`good_id`);

--
-- Индексы таблицы `orders`
--
ALTER TABLE `orders`
  ADD PRIMARY KEY (`id`),
  ADD KEY `good_id` (`good_id`);

--
-- Индексы таблицы `slider`
--
ALTER TABLE `slider`
  ADD PRIMARY KEY (`id`),
  ADD UNIQUE KEY `subcategory_url_key` (`page_url_key`);

--
-- Индексы таблицы `subcategory`
--
ALTER TABLE `subcategory`
  ADD PRIMARY KEY (`id`),
  ADD UNIQUE KEY `url_key` (`url_key`),
  ADD UNIQUE KEY `image` (`image`),
  ADD KEY `category_id` (`category_id`),
  ADD KEY `category_id_2` (`category_id`);

--
-- Индексы таблицы `user`
--
ALTER TABLE `user`
  ADD PRIMARY KEY (`id`),
  ADD UNIQUE KEY `email` (`email`),
  ADD UNIQUE KEY `password_reset_token` (`password_reset_token`);

--
-- AUTO_INCREMENT для сохранённых таблиц
--

--
-- AUTO_INCREMENT для таблицы `cart`
--
ALTER TABLE `cart`
  MODIFY `id` int(11) NOT NULL AUTO_INCREMENT COMMENT 'ID', AUTO_INCREMENT=2;

--
-- AUTO_INCREMENT для таблицы `category`
--
ALTER TABLE `category`
  MODIFY `id` int(11) NOT NULL AUTO_INCREMENT COMMENT 'ID', AUTO_INCREMENT=8;

--
-- AUTO_INCREMENT для таблицы `contact`
--
ALTER TABLE `contact`
  MODIFY `id` int(11) NOT NULL AUTO_INCREMENT COMMENT 'ID', AUTO_INCREMENT=8;

--
-- AUTO_INCREMENT для таблицы `content`
--
ALTER TABLE `content`
  MODIFY `id` int(11) NOT NULL AUTO_INCREMENT COMMENT 'ID', AUTO_INCREMENT=6;

--
-- AUTO_INCREMENT для таблицы `favorite`
--
ALTER TABLE `favorite`
  MODIFY `id` int(11) NOT NULL AUTO_INCREMENT COMMENT 'ID';

--
-- AUTO_INCREMENT для таблицы `goods`
--
ALTER TABLE `goods`
  MODIFY `id` int(11) NOT NULL AUTO_INCREMENT COMMENT 'ID', AUTO_INCREMENT=14;

--
-- AUTO_INCREMENT для таблицы `goods_characteristics`
--
ALTER TABLE `goods_characteristics`
  MODIFY `id` int(11) NOT NULL AUTO_INCREMENT COMMENT 'ID', AUTO_INCREMENT=72;

--
-- AUTO_INCREMENT для таблицы `goods_description`
--
ALTER TABLE `goods_description`
  MODIFY `id` int(11) NOT NULL AUTO_INCREMENT COMMENT 'ID', AUTO_INCREMENT=14;

--
-- AUTO_INCREMENT для таблицы `goods_genre`
--
ALTER TABLE `goods_genre`
  MODIFY `id` int(11) NOT NULL AUTO_INCREMENT COMMENT 'ID', AUTO_INCREMENT=32;

--
-- AUTO_INCREMENT для таблицы `goods_images`
--
ALTER TABLE `goods_images`
  MODIFY `id` int(11) NOT NULL AUTO_INCREMENT COMMENT 'ID', AUTO_INCREMENT=15;

--
-- AUTO_INCREMENT для таблицы `orders`
--
ALTER TABLE `orders`
  MODIFY `id` int(11) NOT NULL AUTO_INCREMENT COMMENT 'ID';

--
-- AUTO_INCREMENT для таблицы `slider`
--
ALTER TABLE `slider`
  MODIFY `id` int(11) NOT NULL AUTO_INCREMENT COMMENT 'ID', AUTO_INCREMENT=4;

--
-- AUTO_INCREMENT для таблицы `subcategory`
--
ALTER TABLE `subcategory`
  MODIFY `id` int(11) NOT NULL AUTO_INCREMENT COMMENT 'ID';

--
-- AUTO_INCREMENT для таблицы `user`
--
ALTER TABLE `user`
  MODIFY `id` int(11) NOT NULL AUTO_INCREMENT COMMENT 'ID', AUTO_INCREMENT=4;

--
-- Ограничения внешнего ключа сохраненных таблиц
--

--
-- Ограничения внешнего ключа таблицы `auth_assignment`
--
ALTER TABLE `auth_assignment`
  ADD CONSTRAINT `auth_assignment_ibfk_1` FOREIGN KEY (`item_name`) REFERENCES `auth_item` (`name`) ON DELETE CASCADE ON UPDATE CASCADE,
  ADD CONSTRAINT `auth_assignment_ibfk_2` FOREIGN KEY (`user_id`) REFERENCES `user` (`id`) ON DELETE CASCADE ON UPDATE NO ACTION;

--
-- Ограничения внешнего ключа таблицы `auth_item`
--
ALTER TABLE `auth_item`
  ADD CONSTRAINT `auth_item_ibfk_1` FOREIGN KEY (`rule_name`) REFERENCES `auth_rule` (`name`) ON DELETE SET NULL ON UPDATE CASCADE;

--
-- Ограничения внешнего ключа таблицы `auth_item_child`
--
ALTER TABLE `auth_item_child`
  ADD CONSTRAINT `auth_item_child_ibfk_1` FOREIGN KEY (`parent`) REFERENCES `auth_item` (`name`) ON DELETE CASCADE ON UPDATE CASCADE,
  ADD CONSTRAINT `auth_item_child_ibfk_2` FOREIGN KEY (`child`) REFERENCES `auth_item` (`name`) ON DELETE CASCADE ON UPDATE CASCADE;

--
-- Ограничения внешнего ключа таблицы `cart`
--
ALTER TABLE `cart`
  ADD CONSTRAINT `cart_ibfk_1` FOREIGN KEY (`user_id`) REFERENCES `user` (`id`) ON DELETE CASCADE ON UPDATE NO ACTION,
  ADD CONSTRAINT `cart_ibfk_2` FOREIGN KEY (`good_id`) REFERENCES `goods` (`id`) ON DELETE CASCADE ON UPDATE NO ACTION;

--
-- Ограничения внешнего ключа таблицы `favorite`
--
ALTER TABLE `favorite`
  ADD CONSTRAINT `favorite_ibfk_1` FOREIGN KEY (`user_id`) REFERENCES `user` (`id`) ON DELETE CASCADE ON UPDATE NO ACTION,
  ADD CONSTRAINT `favorite_ibfk_2` FOREIGN KEY (`good_id`) REFERENCES `goods` (`id`) ON DELETE CASCADE ON UPDATE NO ACTION;

--
-- Ограничения внешнего ключа таблицы `goods`
--
ALTER TABLE `goods`
  ADD CONSTRAINT `goods_ibfk_1` FOREIGN KEY (`category_id`) REFERENCES `category` (`id`),
  ADD CONSTRAINT `goods_ibfk_2` FOREIGN KEY (`subcategory_id`) REFERENCES `subcategory` (`id`);

--
-- Ограничения внешнего ключа таблицы `goods_characteristics`
--
ALTER TABLE `goods_characteristics`
  ADD CONSTRAINT `goods_characteristics_ibfk_1` FOREIGN KEY (`good_id`) REFERENCES `goods` (`id`) ON DELETE CASCADE ON UPDATE NO ACTION;

--
-- Ограничения внешнего ключа таблицы `goods_description`
--
ALTER TABLE `goods_description`
  ADD CONSTRAINT `goods_description_ibfk_1` FOREIGN KEY (`good_id`) REFERENCES `goods` (`id`) ON DELETE CASCADE ON UPDATE NO ACTION;

--
-- Ограничения внешнего ключа таблицы `goods_genre`
--
ALTER TABLE `goods_genre`
  ADD CONSTRAINT `goods_genre_ibfk_1` FOREIGN KEY (`good_id`) REFERENCES `goods` (`id`) ON DELETE CASCADE ON UPDATE NO ACTION;

--
-- Ограничения внешнего ключа таблицы `goods_images`
--
ALTER TABLE `goods_images`
  ADD CONSTRAINT `goods_images_ibfk_1` FOREIGN KEY (`good_id`) REFERENCES `goods` (`id`) ON DELETE CASCADE ON UPDATE NO ACTION;

--
-- Ограничения внешнего ключа таблицы `orders`
--
ALTER TABLE `orders`
  ADD CONSTRAINT `orders_ibfk_1` FOREIGN KEY (`good_id`) REFERENCES `goods` (`id`);

--
-- Ограничения внешнего ключа таблицы `subcategory`
--
ALTER TABLE `subcategory`
  ADD CONSTRAINT `subcategory_ibfk_1` FOREIGN KEY (`category_id`) REFERENCES `category` (`id`) ON DELETE CASCADE ON UPDATE NO ACTION;
COMMIT;

/*!40101 SET CHARACTER_SET_CLIENT=@OLD_CHARACTER_SET_CLIENT */;
/*!40101 SET CHARACTER_SET_RESULTS=@OLD_CHARACTER_SET_RESULTS */;
/*!40101 SET COLLATION_CONNECTION=@OLD_COLLATION_CONNECTION */;
